Perturbation,Baseline Model,Comparison Model,Num Paired Examples,Baseline Accuracy,Comparison Accuracy,Accuracy Difference,Bootstrap 95% CI Low,Bootstrap 95% CI High,Both Correct,Both Incorrect,Baseline Correct Only,Comparison Correct Only,Discordant Pairs,McNemar Exact P-Value,Significant at 0.05
Original,BLIP VQA Base,Custom Dual-Head VQA,600,0.5933333333333334,0.5716666666666667,0.021666666666666723,-0.035,0.07833333333333334,197,98,159,146,305,0.49207138261629085,False
Brightness,BLIP VQA Base,Custom Dual-Head VQA,600,0.59,0.5733333333333334,0.016666666666666607,-0.04,0.07333333333333333,199,101,155,145,300,0.6034057178721371,False
Noise,BLIP VQA Base,Custom Dual-Head VQA,600,0.57,0.5766666666666667,-0.00666666666666671,-0.065,0.05,189,101,153,157,310,0.8647397156679184,False
Text Rephrasing,BLIP VQA Base,Custom Dual-Head VQA,600,0.57,0.5683333333333334,0.0016666666666665941,-0.055,0.06,192,109,150,149,299,1.0,False
