{
  "overall": {
    "clean": 0.5716666666666667,
    "brightness": 0.5733333333333334,
    "noise": 0.5766666666666667,
    "text": 0.5683333333333334
  },
  "per_query_type": {
    "comparison": {
      "clean": 0.6333333333333333,
      "brightness": 0.62,
      "noise": 0.62,
      "text": 0.64
    },
    "spatial": {
      "clean": 0.5078125,
      "brightness": 0.4765625,
      "noise": 0.5234375,
      "text": 0.5078125
    },
    "existence": {
      "clean": 0.6104651162790697,
      "brightness": 0.6162790697674418,
      "noise": 0.622093023255814,
      "text": 0.5930232558139535
    },
    "count": {
      "clean": 0.52,
      "brightness": 0.56,
      "noise": 0.5266666666666666,
      "text": 0.52
    }
  }
}